seq,firstname,lastname,age,street,city,state,zip
1,Charles,Mathis,39,Jeni Boulevard,Sowamoda,OK,77752
2,Henry,Cooper,24,Gebvu Street,Haggege,NV,05632
3,Lucille,Miles,37,Jafum Square,Wocawguz,ME,93550
4,Florence,Carr,51,Movsa Square,Gehvipov,IA,51906
5,Floyd,Burgess,25,Mufbi Point,Tuwcuveb,CO,76006
6,Anthony,Coleman,55,Tioku Pass,Zalulemu,MT,94539
7,Jeremy,Schneider,28,Kehe Extension,Elgopes,IN,58785
8,Rosie,Gutierrez,31,Iwjoh Extension,Vujpopu,OH,86077
9,Francis,Holland,56,Moame Path,Welahep,VT,26011
10,Alice,Kennedy,38,Kali Trail,Sumisu,OR,51285
11,Virginia,Owens,18,Rojrik Ridge,Duhjagi,NC,13419
12,Larry,Baldwin,20,Geru Lane,Jahokilo,CA,98884
13,Lora,Santos,18,Cafih Pike,Sacabaca,DC,13679
14,Adele,Norris,31,Tetcor Road,Peflohka,AK,66523
15,Craig,Shelton,20,Ahaoka Plaza,Genvosa,NE,44694
16,Melvin,Strickland,57,Sebwoc Extension,Ligopnu,MN,11382
17,Olive,Massey,20,Bahna Grove,Apvutu,KY,07681
18,Sylvia,Davis,34,Jukwab Plaza,Pibozgep,MA,32957
19,Olivia,Palmer,35,Redak Parkway,Bikolelo,TX,60783
20,Loretta,Rodriquez,21,Disfiz Plaza,Ewezezko,CT,69791
21,James,Bowman,44,Vehora Path,Loguusu,KS,28866
22,Philip,Hicks,58,Corgot Point,Pujbaheko,WY,61029
23,Eric,Castillo,20,Foti Mill,Bovuero,OR,19254
24,Max,Townsend,25,Caras Turnpike,Hoasruz,VT,49310
25,Helen,Houston,35,Banped Path,Coheta,NC,47242
26,Catherine,Jennings,52,Arli Grove,Huohko,AR,31506
27,Stella,Herrera,28,Donlug Grove,Vetuzer,VT,26069
28,Vernon,Bailey,55,Ugru Trail,Tirambol,NE,19851
29,Elmer,Baldwin,50,Teja Terrace,Zizihe,NJ,07728
30,Maurice,Lane,18,Vokfe Street,Umajtil,ND,95937
31,Bettie,Black,59,Nibaw Place,Umaunhup,ND,75058
32,Peter,McLaughlin,27,Afapu Glen,Oleredzop,NH,64000
33,Jacob,Blair,50,Wuki Pass,Otfacniv,CT,90317
34,Sarah,Nelson,64,Pegag Street,Hirjavep,ND,06788
35,Mildred,Bradley,59,Guhor Path,Kusacke,VA,65051
36,Adeline,Christensen,32,Hedac Drive,Veohorow,MN,45601
37,Alvin,Wong,53,Wemwi Ridge,Morovu,IA,15552
38,Rosetta,Gardner,26,Iganaf Street,Pewicba,KS,60981
39,Catherine,Crawford,53,Jezrah Manor,Kejsetbif,OR,88691
40,Sara,Parsons,24,Wenner Grove,Immufvu,AZ,72846
41,Donald,Conner,63,Ropra Court,Busozgi,VA,63194
42,Rosa,Roberts,42,Jouj Lane,Pafemve,WA,97107
43,Daisy,Townsend,39,Nofipe Point,Ceibduz,IA,13090
44,Viola,Schultz,43,Guofa Parkway,Risepul,AL,04199
45,Cecilia,Lamb,26,Uweoji Plaza,Gofwewur,CO,25359
46,Hallie,Mendoza,65,Nici Road,Ugfattop,IA,06522
47,Mayme,Burke,58,Udat Highway,Odunodfoj,WV,09658
48,Theresa,Cohen,27,Junge Pike,Bucawe,LA,12565
49,Susie,Mullins,53,Icumag Place,Fubelu,IA,57262
50,Rosalie,Jenkins,23,Furete Way,Sajutap,NJ,44991
51,Jared,Ferguson,39,Facuw Pike,Nomuocu,ID,69050
52,Sallie,McCoy,60,Dokoj Ridge,Luskilij,MN,63822
53,Darrell,Craig,61,Jurzu Mill,Etkomza,IL,26203
54,Philip,Brown,27,Gefo Point,Ifurepow,FL,35137
55,Sophia,Hernandez,43,Ticib Turnpike,Bivekav,ND,29562
56,Billy,Davidson,36,Joggu Terrace,Rurkoga,WA,44174
57,Lida,Figueroa,43,Ficcot View,Uhesuidi,MS,32245
58,Rosa,Burns,20,Manaha Square,Mupite,KY,38471
59,Evelyn,Cummings,52,Obew Path,Pocpihes,ME,05625
60,Louise,Davis,32,Buwu Extension,Velezvam,VT,27847
61,Alma,Duncan,53,Zigu Road,Zufreseb,ID,10427
62,Raymond,Brown,36,Damja Way,Woujok,IA,98420
63,Jayden,Hoffman,24,Anuzu Square,Dekgisoh,SC,67336
64,Ollie,Pearson,20,Cuito Lane,Witsakho,IN,94554
65,Lou,Waters,37,Iviwo Court,Jattotbob,RI,64985
66,Thomas,Jennings,36,Amaza View,Jennoghim,MS,03129
67,Jayden,Paul,27,Minwa Junction,Dukjetor,MN,70662
68,Georgie,Thomas,47,Ihha Way,Agonotof,HI,04067
69,Lillian,Gordon,29,Fastin Grove,Viriija,NH,95700
70,Dorothy,Morton,45,Neke Street,Suvugezul,NV,44600
71,Madge,Colon,50,Votif Avenue,Ubenasu,AR,25668
72,Miguel,Wagner,46,Uwine Park,Jobhagom,SC,40848
73,Nina,Holmes,41,Hofve Grove,Miwalu,WV,44433
74,Lois,Thornton,49,Akfud Park,Suhpepik,OH,36922
75,Virginia,James,25,Inoje Turnpike,Wetvodler,CT,56406
76,Lenora,Curry,33,Akoj Park,Gotkebnoc,UT,41966
77,Gregory,McCormick,54,Puza Grove,Voredpeg,AK,62029
78,Bessie,Graham,55,Kumew View,Tavdubep,PA,43603
79,Trevor,Ingram,42,Nera Court,Tibovwut,SC,89311
80,Dean,Gibson,19,Buaza Street,Benedeve,NE,04268
81,Allen,Young,47,Joddaf Way,Dezvujsu,AK,01049
82,Todd,Walters,65,Rira Mill,Diinma,OR,38368
83,Herbert,Schneider,47,Geur Key,Abaivki,NC,04700
84,Alejandro,Edwards,25,Sedutu Manor,Tonvibu,CA,59290
85,Manuel,Hansen,43,Pigso Loop,Pikrimma,VT,59999
86,Theresa,Hudson,51,Pici Extension,Vuipwa,HI,68317
87,Landon,Glover,60,Rimsaf Manor,Buutuba,CT,66424
88,Elnora,Jordan,65,Opani Pass,Jufzulni,UT,01526
89,Patrick,Rodriguez,27,Wehwem Grove,Jurattin,SC,68448
90,Jon,Maxwell,49,Neana Trail,Fuwomopo,ND,80218
91,Anthony,Anderson,38,Aleval Pass,Wecamciv,NE,79098
92,Jacob,Hanson,37,Buple Boulevard,Efojpe,SC,14439
93,Ruth,Montgomery,24,Bimef Court,Naotubok,WI,14913
94,Callie,Schwartz,65,Ihebog Junction,Utjetuf,MA,95580
95,Eva,Graves,54,Emiiv Way,Tidurnu,SD,92824
96,Olivia,Bryan,51,Toop Parkway,Esopikfe,MI,00879
97,Jonathan,Vargas,35,Jaju Heights,Bicugab,MS,86313
98,Lily,Rivera,64,Jimo Lane,Rikcehfer,NH,29247
99,Chase,Barton,27,Noeda River,Agagezu,UT,28164
100,Devin,Wilson,55,Jawod Pass,Fofripuz,TX,31198
101,Ina,Keller,28,Nidu Junction,Numwejpi,NE,54124
102,Terry,Pena,31,Opirog Court,Uvzopfuk,NJ,23147
103,Harriet,Hughes,55,Ravnev Ridge,Laduhek,MI,32501
104,Francis,Burke,54,Rija Parkway,Lezceffib,SD,24170
105,Josephine,Davidson,38,Jaba Mill,Fucnirfo,NE,48419
106,Minnie,McBride,51,Oclin Junction,Sinefeva,AL,52770
107,Ola,Norton,33,Odwi Trail,Tipefifi,NJ,36461
108,Seth,Ramsey,21,Bozdi River,Bukokduk,OR,72463
109,Louise,Cole,38,Ebgo Center,Bivepmaj,MA,91301
110,Marian,Walsh,24,Lapve Extension,Mecbagej,WV,13419
111,Jeff,Alexander,64,Izori Place,Najial,MD,30152
112,Lela,Tate,40,Seife Terrace,Gidieb,KY,43308
113,Phillip,Erickson,65,Hulo Junction,Kapezzuv,VT,58238
114,Antonio,Richards,59,Venvid Pike,Jazalo,UT,13793
115,May,McDonald,39,Eviza Loop,Kenimpas,MD,42445
116,Mathilda,Sanchez,49,Kolaw Court,Mefuowu,NY,88859
117,Vera,Hughes,54,Ofeogi Parkway,Unvissi,KY,56372
118,Cora,Francis,64,Wimu View,Vutejew,TX,04326
119,Owen,Hogan,60,Likzop View,Uspobvu,ME,15767
120,Lee,Price,37,Tefag Trail,Kegiut,IL,41537
121,Charlie,Elliott,39,Natoh View,Gicduhod,CO,56353
122,Lizzie,Wheeler,24,Akaleh Mill,Benikkut,NE,04546
123,Sara,Fox,46,Cupiw Point,Icsombo,OK,38676
124,Lucy,Paul,58,Puvbef Street,Nanubpis,VT,43586
125,Howard,Francis,53,Inifel Circle,Uzkowvo,MS,20786
126,Kate,Beck,43,Saezo Boulevard,Dirijif,NH,65920
127,Irene,Atkins,41,Jukvu Key,Liwusan,HI,94546
128,Luella,Herrera,32,Vilwos Center,Hinaogi,GA,47487
129,Adam,Rogers,26,Nudud Point,Idlarson,NV,20754
130,Edwin,Harmon,54,Vepwe River,Hiwudruw,WI,37509
131,Craig,Morton,24,Tiglim Plaza,Gatjanhof,UT,97222
132,Louisa,Ballard,29,Folu Extension,Kifume,AK,24949
133,Bobby,Ferguson,42,Olihag Way,Uzobufgu,NV,89347
134,Jonathan,Sandoval,40,Sephag Road,Fuzvenoc,OK,38545
135,Lina,Harrison,27,Labnow Turnpike,Lecados,FL,07542
136,Floyd,Meyer,31,Zutefo Plaza,Jifeghop,WA,74467
137,Nannie,Rice,59,Roni Lane,Runatfe,HI,60943
138,Rosetta,Henry,65,Wuwso Loop,Koczieji,OR,32340
139,Michael,Burke,59,Buve Trail,Zunarduj,MT,94646
140,Donald,Brady,38,Jabon Trail,Egiinifu,IL,45905
141,Rosetta,Hansen,57,Balruw Turnpike,Ifolempu,WA,62134
142,Pauline,Harmon,23,Fared Boulevard,Ivipigjus,ID,74515
143,Benjamin,Adams,52,Dirmoj Place,Kehpittu,NC,39226
144,Ophelia,Dean,22,Husiwi Point,Pisuhlir,OR,28929
145,Mabelle,Jordan,34,Celkeh Glen,Wikbevwa,OH,71696
146,Melvin,Becker,49,Jeoze Square,Larbacri,CA,04212
147,Susie,Harper,42,Tunul Way,Davehfi,WV,45106
148,Jim,Evans,62,Pomtak Boulevard,Faegofo,SC,86144
149,Rosetta,Walker,36,Wetwu Circle,Migofwe,MA,14702
150,Celia,Brock,35,Mimsu Parkway,Tigpiwrag,RI,48600
151,Cornelia,Nguyen,31,Romi Pass,Gepikosu,VT,02128
152,Dustin,Johnson,51,Wuwan Parkway,Jusunidi,CO,09822
153,Glenn,Weber,42,Vozel Place,Nilimig,OK,75113
154,Jayden,Barber,41,Ehrum Street,Vepacmov,MA,05117
155,Barry,Washington,56,Gobdi Trail,Nucubpad,TX,96679
156,Francis,Copeland,60,Risuz Way,Lognitgow,WY,59838
157,Ollie,Santiago,43,Veiz Court,Rawuwtop,OR,44216
158,Dorothy,Dean,57,Jabgog Manor,Zoveubu,OK,86492
159,Zachary,Summers,42,Dodefi Point,Kaunemuv,NY,30913
160,Lewis,Cannon,40,Adubij Extension,Dulgogri,NE,34558
161,Samuel,Salazar,31,Caggob Way,Rulwobina,ND,35310
162,Matilda,Martin,44,Bilob Loop,Unofies,WV,15902
163,Ann,Bowers,54,Cerera Pass,Rukijif,FL,12735
164,Lucy,Singleton,25,Vuca Avenue,Lulsezvod,TN,12670
165,Bobby,Fox,20,Ezri Key,Tozoljo,SD,99736
166,Lydia,Sims,32,Zauna Key,Bilvuhdip,PA,85871
167,Matilda,Cooper,42,Wahif River,Eveweaso,LA,23490
168,Lawrence,Estrada,22,Vahir Terrace,Rohepa,CT,09360
169,Duane,Lee,23,Tanib Boulevard,Anzugmi,MS,75619
170,Clara,Allen,50,Otaud Key,Pewbize,KS,76319
171,Frances,McCoy,52,Ukvi Park,Kefjekus,CO,91002
172,Nora,Hunt,26,Fucmuk Junction,Cafelan,NE,73966
173,Kevin,Armstrong,57,Jojin Pike,Leseec,WA,13108
174,Keith,Edwards,23,Wepo Plaza,Sisriszo,ND,12475
175,Ella,Carpenter,45,Nazuh Avenue,Gimotac,OK,12806
176,Nettie,James,60,Ravu Loop,Wucopehez,CO,09214
177,John,Foster,26,Ciiwi Trail,Tidjanaw,RI,76149
178,Benjamin,Massey,64,Napkom Way,Pidmaak,MD,10325
179,Arthur,Morris,28,Habfa Lane,Gasooro,LA,18562
180,Michael,Watts,33,Piofu Center,Ginudid,ND,12188
181,Scott,Mills,26,Govav Drive,Lupegki,CA,09741
182,Alan,Reese,48,Ozohef Lane,Igozolo,PA,91764
183,Lula,Wong,62,Pamla Pass,Zidpevag,CT,16942
184,Jeffrey,Edwards,38,Izicu Loop,Dudavefu,AK,91415
185,Mason,Jackson,60,Divoh Junction,Caojiw,AR,47706
186,Alberta,Wilson,44,Melow Manor,Jigjenkub,SC,81893
187,Ann,Briggs,30,Nohna Court,Enawiuc,NH,79904
188,Craig,McKinney,30,Ciwge Road,Lalfuovu,KS,01267
189,Luella,Yates,52,Aveci Highway,Juwvefken,VT,05869
190,Kathryn,McKenzie,47,Nisoz Avenue,Famengat,WI,77645
191,Gerald,Walters,26,Limade Extension,Kavodza,SC,33765
192,Etta,Diaz,30,Hiju Boulevard,Soogpa,AZ,46684
193,Margaret,Houston,49,Aretu Way,Cojigum,CT,88890
194,Mario,Smith,62,Saemu Plaza,Diloraz,CT,80611
195,Lillie,Day,54,Jiceri Path,Mevpencin,NH,18229
196,Patrick,Sandoval,59,Hownup Heights,Iveiluta,VA,36973
197,Bill,Logan,41,Gifib Boulevard,Gickewa,PA,42518
198,Jon,Stokes,35,Zeken Avenue,Dibnacvi,FL,85414
199,Belle,Duncan,63,Hunmeg Terrace,Fevdohde,LA,74910
200,Elizabeth,Austin,50,Uwume Avenue,Releuse,AR,94658
201,Fred,Lowe,20,Jurut Boulevard,Jadgufdo,RI,11934
202,Elizabeth,Knight,19,Ukfu Turnpike,Fadorfu,NV,50322
203,Landon,Lawrence,41,Taine Highway,Dowpalco,TN,28299
204,Genevieve,Crawford,59,Arucas View,Pibuklo,CT,72955
205,Alvin,McLaughlin,53,Ecuma Court,Efcewwok,NC,84847
206,Dale,Barnes,60,Biwzev Ridge,Ojihsur,UT,03849
207,Lester,Carpenter,49,Romni Manor,Zeozouw,ID,90801
208,Sarah,Greene,63,Faji Pike,Zojazwum,ID,43622
209,Frances,McCormick,33,Wedu Key,Zolazmu,NM,20763
210,Arthur,Richardson,47,Welawu Point,Cajduet,SD,80349
211,Irene,Stevenson,40,Foevo Street,Bujivoru,MA,80474
212,Alma,Cohen,45,Tinen Manor,Ipujuvav,FL,24535
213,Jeanette,Sanchez,50,Ipbo Circle,Fihibcur,KY,53835
214,Nellie,Osborne,60,Fugi Avenue,Fevoko,CA,57592
215,Ray,Chapman,22,Hokha Mill,Kebederuf,WY,74601
216,Theodore,Rodriquez,48,Urafi Road,Jeafogo,WY,77701
217,Glen,West,65,Geru Square,Madfepo,TN,24671
218,Josie,Arnold,22,Tigop Junction,Zicsudje,DC,89579
219,Lois,Watkins,32,Sothuh Place,Niwhusu,UT,70341
220,Martin,Greer,23,Igvi Place,Ozubozep,NV,63068
221,Fred,Clayton,26,Vigjav Place,Zauzoevu,GA,42834
222,Eliza,Carr,45,Dascul Drive,Wuscauze,FL,30793
223,Allie,Vasquez,26,Jeugu Junction,Berafu,KY,20116
224,Joel,Gardner,63,Bifli Lane,Talmium,MD,54077
225,Jeremiah,Boone,43,Esteb Plaza,Zupatab,NC,21035
226,Shawn,Ray,53,Lipwec Parkway,Rukatoeh,WV,85572
227,Kevin,James,51,Wuglam Lane,Aflazof,WV,50950
228,Grace,Johnston,48,Vepe Court,Getoliz,CO,61555
229,Leonard,Lyons,19,Poffu Parkway,Hedmegga,OR,74951
230,Barry,Flowers,30,Uzema Park,Gajkafvi,WI,99668
231,Bertha,Williams,63,Ulgun Glen,Buknejje,GA,90100
232,Olivia,Matthews,44,Uhcak Street,Pagarrop,DE,94489
233,Katharine,Ford,42,Fuwcu Heights,Siteweg,CT,68391
234,Noah,Casey,45,Hevge Way,Ergamvul,LA,06992
235,John,Reed,18,Hejot Point,Kottegip,MO,01227
236,Francis,Bradley,20,Rodinu Heights,Icgakuk,TN,58477
237,Jack,Shaw,41,Kavcu Turnpike,Ibrubis,KS,52714
238,Ora,Barnett,27,Wetu Turnpike,Ufuhinmi,HI,29074
239,Clayton,Hart,29,Vizfa Manor,Wokpifoc,MN,39200
240,Craig,McCormick,61,Riras Loop,Goijoko,VT,18614
241,Chase,Sharp,52,Wika Grove,Ruvosiver,LA,84493
242,Willie,Fields,49,Puszi View,Ipoitonuz,RI,21536
243,Cory,Thornton,64,Vagal Manor,Hifzalan,ME,02537
244,Corey,Horton,38,Telfa Road,Cupwubuj,AL,90937
245,Jose,Olson,22,Kaso Junction,Cebowofol,ND,25154
246,Todd,Colon,56,Ranij Path,Roznegdi,TN,55085
247,Gerald,Franklin,18,Rima Path,Peijjad,NC,14098
248,Leah,Rivera,43,Radsi Square,Cilnacuh,LA,01983
249,Nannie,Cunningham,59,Olso Drive,Ahiduwne,MT,73097
250,Rosalie,Green,40,Ukepi Parkway,Eripumem,KS,27354
251,Craig,Swanson,51,Adju Avenue,Ofmerji,CA,96525
252,Jeffrey,Wilkerson,29,Tadigu Way,Karlina,CA,99502
253,Lucile,Pierce,39,Ozgo Avenue,Zouhlo,WV,51174
254,Beulah,Robinson,33,Jittig Park,Ospepa,ME,32702
255,Isabella,Obrien,54,Tidhi Turnpike,Kevvoplo,GA,30851
256,Bryan,Holland,51,Pivo Pass,Jibigho,MN,74850
257,Danny,Fernandez,19,Cirki Heights,Ikazagar,KY,04408
258,Nelle,Ward,50,Gulrun Extension,Sopfejfo,TN,56257
259,Lettie,James,49,Renfi Circle,Mesciow,MI,25787
260,Myrtle,May,36,Wakagu Place,Ipomureto,VT,40079
261,Maurice,Patterson,60,Loli Grove,Okecurede,MO,64627
262,Katie,Romero,55,Bilok Avenue,Vantunid,MS,37216
263,Ivan,Sherman,42,Jeeba Place,Ricnehu,DC,44390
264,Marguerite,Bell,52,Obiv Loop,Wesisaso,IL,98442
265,Gregory,Curtis,33,Risika Glen,Ezvucweh,GA,86649
266,Caroline,Dixon,32,Mojhi Point,Fopdavor,NM,77206
267,Andrew,Pierce,50,Higme Pass,Pemunge,WV,48133
268,Ollie,Flores,62,Tato Road,Guvajaze,IL,81110
269,Ethan,Fuller,60,Rafa Street,Adeacidi,CT,12561
270,Albert,Frazier,29,Keca Path,Umeakobit,CO,79434
271,Evan,Ruiz,62,Rimim Lane,Iziweru,NJ,23915
272,Elva,Hughes,49,Becme Turnpike,Bojkefupa,FL,71453
273,Jeanette,Turner,35,Bocep Road,Ufuwipij,KY,80231
274,Nina,Green,20,Ririf Pass,Betogaloh,WY,66756
275,Roger,Blair,29,Wurodi Glen,Tokedilo,NH,15971
276,Gussie,Houston,26,Dohfa Terrace,Vefjefab,NV,05881
277,Gavin,Moran,63,Cawi Mill,Sijropa,IN,95685
278,Eugenia,Palmer,26,Laovu Extension,Opdioho,MS,80028
279,Jessie,Keller,59,Title Manor,Hessunofi,TX,79615
280,Lizzie,Chandler,29,Surtan Path,Jufihnow,AR,41245
281,Cameron,Massey,46,Pero Avenue,Barjawnuf,NC,93922
282,Allen,Rowe,62,Ocijec Junction,Turzoow,MO,61853
283,Hunter,Lawson,48,Remir Ridge,Lutwebig,MI,39306
284,Jeremy,Cortez,47,Dira Heights,Cegcuzow,GA,37772
285,Glen,Buchanan,39,Ijhat Parkway,Abcahjoj,LA,18714
286,Jackson,Reyes,59,Imeav Mill,Rauzuwum,AZ,82280
287,Brian,Wallace,47,Ujired Court,Ziwbaime,CO,75291
288,Dylan,Hansen,35,Suuga Ridge,Hifibahez,NV,64598
289,Paul,Floyd,58,Wurca Path,Zipajip,KY,53417
290,Alta,Lowe,58,Lokig Pike,Elomune,ID,83145
291,Manuel,Mullins,45,Anaovo Center,Cupdegdan,NV,78534
292,Bernice,Crawford,63,Mehe Glen,Cupehug,VT,53255
293,Ray,Swanson,55,Humajo Plaza,Ohjukva,KS,86078
294,Olga,Klein,25,Fassam Plaza,Pemloca,KY,04611
295,Hester,Mann,61,Zejmag Way,Asowoca,WY,91785
296,Mamie,Burke,38,Iltup Path,Kaiboke,OK,35988
297,Lena,Bass,33,Niico Highway,Rigirgam,NV,48139
298,Lydia,Banks,48,Uhonom Center,Ruhtapfuw,SD,66423
299,Victoria,Ramsey,18,Sokeva Road,Gipgurha,WY,78710
300,Sarah,Cole,26,Fotko Square,Botgaser,VT,22596
301,Kathryn,Dennis,35,Ragaj Loop,Hewsurigo,DC,49441
302,Melvin,Wilkins,48,Humof Highway,Cepfeev,CT,89367
303,Lucinda,Patrick,52,Vumu View,Imvalzu,WA,65576
304,Bryan,Todd,48,Usve Plaza,Apviow,NV,66085
305,Jesse,Chandler,33,Okgu Loop,Zedvovig,RI,70521
306,Ada,Foster,38,Upliz Loop,Tauheab,IN,00299
307,Annie,Floyd,24,Peum Center,Tewhunwom,CO,90874
308,Allen,Mack,50,Jisal Road,Subvumag,IN,04473
309,Elmer,Salazar,59,Osta Path,Usudehu,MO,26119
310,Lora,Pope,64,Omve Center,Pidkowmot,MA,43923
311,Lillian,Pittman,25,Wakbu Boulevard,Vosuso,KS,91263
312,Jonathan,Greer,41,Daglah Turnpike,Penvormoc,MT,90448
313,Joshua,Mitchell,56,Suuka Road,Sibjacna,MT,31901
314,Caleb,Hardy,46,Ivji Heights,Zezulso,WA,59133
315,Mike,Butler,24,Dofoka Loop,Etpinac,NM,55357
316,Eva,Dennis,60,Razo Road,Odegepuv,VA,00096
317,Harry,Banks,39,Lusbek Pike,Noodib,GA,54425
318,Amanda,Kelley,23,Difwuh Circle,Iceoflol,KS,85945
319,Robert,Gutierrez,33,Gijkaj Highway,Ruebiza,ID,19665
320,Lettie,Riley,38,Hivgo Extension,Wavabe,CA,76170
321,Minnie,Mendez,35,Vific Pass,Fotupudut,OR,17779
322,Tom,Houston,64,Onuru Junction,Rerjeppac,CA,09238
323,Eunice,Lawson,24,Hamhu Key,Agetueru,LA,06929
324,Travis,Beck,21,Miwok Road,Pilecu,IL,84291
325,Rachel,Perkins,32,Ehfud Place,Veruas,UT,47399
326,Lettie,Weaver,43,Gaaz View,Patetwut,IL,77947
327,Lora,Armstrong,27,Dejehe Turnpike,Fevunro,NJ,21571
328,Sadie,Andrews,20,Jaaza Loop,Gudberuk,NE,10422
329,Leon,Young,33,Mongi Path,Maokvij,MN,05821
330,Dollie,Cross,55,Gaole Junction,Fewugi,MT,47047
331,Gabriel,Hubbard,65,Kavtaw Parkway,Segijase,TN,24891
332,Marc,Hogan,63,Oktar River,Umipujena,NH,61822
333,Ralph,Turner,18,Naba Terrace,Palegtin,AL,60022
334,Janie,Baldwin,33,Kuhpos Center,Subuvuhe,MT,69633
335,Betty,Hoffman,31,Ovuig Circle,Lenroto,MN,38102
336,Luella,Park,55,Hizve Path,Disimdih,HI,49407
337,Lizzie,Thornton,62,Etafe Trail,Igjefmet,OH,38952
338,James,Daniel,36,Ewiik Avenue,Tokotmiz,MO,91167
339,Angel,Martin,44,Nahog Road,Mahelig,AL,65000
340,Leo,Martin,19,Hobu Park,Vuhkawic,UT,65578
341,Leona,Goodwin,31,Kuriz Avenue,Nocija,SD,70737
342,Janie,Terry,62,Mejrov Manor,Morepgom,RI,54101
343,Raymond,Fernandez,54,Ofbe Heights,Behnirzu,AR,24440
344,Richard,Chavez,64,Opipa Square,Zopogvek,IA,05962
345,Milton,Cohen,52,Sogewu Point,Paicmi,WY,33409
346,Emma,Walters,56,Ukosu Square,Heffovib,MS,80531
347,Luke,Jennings,55,Nouga Manor,Davsebdem,MN,02333
348,Gavin,Bowers,30,Kisu Pike,Morahidi,NY,47055
349,Etta,Bradley,40,Veziv Ridge,Osupefu,WY,08133
350,Harriett,Castro,38,Cefil Way,Sokjivaj,WV,89251
351,Ralph,Munoz,50,Febdu Trail,Jairwob,ID,39109
352,Birdie,Holloway,45,Cilel Road,Famutjo,WY,13839
353,Laura,Greer,37,Poger Square,Gegmola,NY,66471
354,Louisa,Reeves,38,Kuubi River,Wasupbim,NE,94504
355,Terry,Massey,18,Gohec Manor,Gopojgo,NE,99419
356,Fanny,Bush,60,Nehec Lane,Abtusov,MO,80000
357,Connor,Gutierrez,50,Tobno Circle,Kursucheh,UT,79972
358,Eliza,Carroll,37,Agguw Pass,Liclilabi,ME,70419
359,Tommy,Simmons,50,Kutos Mill,Dulukut,VT,91293
360,Allen,Jensen,52,Ravzoc Manor,Kivpaswi,SD,88415
361,Marguerite,Simpson,23,Fopiv Boulevard,Tibisbek,WA,57690
362,Antonio,Ward,22,Amko Pike,Emgizar,WV,00870
363,Patrick,Diaz,31,Bifir Terrace,Rulacibaz,OH,79242
364,Blake,Jenkins,40,Pisdut Loop,Tiloli,MS,72997
365,Timothy,Pearson,34,Ceffil Mill,Lodgorgo,NE,58239
366,Eddie,Lambert,29,Dusi Trail,Sofoti,NE,88033
367,Mollie,Pena,32,Jaggu Pike,Nekrogami,WA,28949
368,Gavin,Ramirez,21,Wemfe Avenue,Kulubuhe,UT,05061
369,Lee,Nichols,44,Tujhu Extension,Ibefoznos,SD,25933
370,Mason,Copeland,43,Zuzir Turnpike,Docimi,OH,99488
371,Nina,Hamilton,46,Laca Square,Visodno,IA,00246
372,Tom,Porter,18,Vidpu Pike,Tadsazu,CA,43305
373,Irene,Hughes,58,Migo Ridge,Nofgate,WV,36366
374,Isabella,Love,47,Gufti River,Ojnekfoh,ID,56707
375,Bessie,Sharp,27,Sifor Highway,Siogopo,WY,97167
376,Lawrence,Rogers,58,Tonal Junction,Nottuwhow,CT,00455
377,Eva,Berry,52,Ozoge Terrace,Obaanvam,VA,78919
378,Melvin,Fisher,49,Fedak Center,Ugaruome,ND,90010
379,Jean,Byrd,44,Omane Ridge,Ecanidis,SC,36561
380,Bobby,Tran,21,Fakvu Extension,Gorohor,NV,13730
381,Jayden,Rhodes,55,Rawse Key,Votzatab,AR,89230
382,Myra,Vaughn,36,Ciccer Key,Vuravoko,MN,31675
383,Loretta,Phelps,22,Epuhok Key,Uhbacofo,TN,37356
384,Randy,Gibbs,57,Noipo Key,Jamaeh,IN,72806
385,Dustin,Tate,38,Eposo Extension,Vohiwkif,IN,65143
386,Adeline,Willis,45,Acolaw Point,Mowubmad,IL,58012
387,Mason,Stone,54,Lavas Parkway,Pulucbor,MT,05169
388,Craig,Luna,28,Kovme Grove,Liwair,UT,84089
389,Irene,Warren,34,Rudbod Turnpike,Timziisu,NJ,71871
390,Connor,Malone,19,Ciowu Boulevard,Mivcawu,HI,32305
391,Maud,Wilkerson,50,Wuvdo Square,Pemavum,ND,97325
392,Clara,Schultz,19,Miso Pike,Saopawu,NV,85825
393,Fanny,Baker,22,Todsep Drive,Pivolgiz,UT,24322
394,Mae,Paul,20,Bunzav Pass,Wuzackid,NJ,87678
395,Scott,Hawkins,42,Efota Heights,Nusaguz,CA,88883
396,Mittie,Pena,47,Tege Lane,Loobepo,MD,97693
397,Philip,Jackson,37,Memgud Terrace,Odusacem,RI,09147
398,Carolyn,Saunders,22,Vuwfi Court,Isepitri,CA,56168
399,Eula,Dixon,45,Gevin Pass,Zidvewi,TX,97489
400,Andre,Colon,28,Hupgu Parkway,Zatasek,VT,48135
401,Paul,Hoffman,29,Mapnat Manor,Liloza,WA,38266
402,Dora,Santos,36,Degu Grove,Utoletbin,NE,14988
403,John,Walton,19,Fitfa Parkway,Wazsozsu,MS,93153
404,Ina,Malone,51,Dudad Road,Womlocjew,WY,65279
405,Jared,Howard,61,Zinbi Court,Kereoda,FL,78189
406,Lola,Harper,45,Itmo Loop,Leajoitu,ME,88889
407,Lela,Bradley,29,Culsu Park,Lofveem,MO,98208
408,Lucinda,Webster,43,Usahi View,Rejibivo,NC,89727
409,Elmer,Hernandez,50,Rama Pass,Nojfeczap,VA,73059
410,Ora,Miles,43,Duwo Turnpike,Utmusiba,VT,81618
411,Nora,Barker,51,Bahi Path,Diihno,NH,01582
412,Gertrude,Garcia,31,Divi Lane,Lizeed,ID,53694
413,Kyle,Hunt,39,Coof Ridge,Jiidoze,CO,81761
414,Myrtle,Carson,25,Subjo Center,Achoug,SD,29122
415,Lena,Jensen,59,Onevij Extension,Etisive,NC,75764
416,Francis,Potter,31,Fiuk Trail,Helurpi,ID,05450
417,Jim,Ramsey,64,Muwop Junction,Acugijnu,MI,37029
418,Michael,Ramirez,49,Dekug Highway,Cusvinzaz,TN,51673
419,Lettie,Lawrence,44,Negi Drive,Ahvuvkag,NV,18729
420,Connor,McCoy,61,Ponun Trail,Pobelap,FL,83838
421,Matilda,Brooks,24,Dapag Path,Cozbive,OK,89798
422,Harriett,Allen,39,Jedlef Junction,Ahegiguc,NY,75834
423,Bessie,Ruiz,19,Sauz Grove,Itojozez,ID,18276
424,Nathaniel,Moody,38,Geliwe Circle,Muluteb,MI,97919
425,Devin,Marsh,44,Anop Street,Higcinuj,UT,97230
426,Virginia,Figueroa,19,Tufez Point,Vafkallen,IN,39742
427,Caroline,Dean,56,Gatit Circle,Jupzemmom,IN,00736
428,Derrick,Fields,39,Cibpor Grove,Mofuco,AK,44753
429,Violet,Peterson,44,Rela Pass,Havinvij,AR,28638
430,Della,Bowen,62,Mamu Street,Sikozvol,WA,68043
431,Edna,Ruiz,25,Tacwi Terrace,Rivijafu,LA,31833
432,Jimmy,Ramirez,42,Zahac View,Faglinto,UT,03429
433,Hilda,Adams,50,Sefre Glen,Apitohfo,MT,32015
434,Mike,Myers,52,Dimub Plaza,Forletav,AK,04552
435,Joel,Barker,62,Zibi Terrace,Risenel,MA,26404
436,Wesley,Harvey,28,Urla Court,Roesuoge,AL,62969
437,Garrett,Ortega,25,Fore Path,Luminuuj,DC,08107
438,Duane,Hart,50,Zegna Center,Dewapacu,PA,24498
439,Inez,Marshall,28,Ivomit Pass,Ovesetvib,SC,81808
440,Blake,Pearson,50,Hiug Street,Saugiid,OK,71086
441,Gavin,Stanley,36,Linaz Center,Ezofuj,RI,05644
442,Max,Dunn,64,Wekit Lane,Hogvovike,WI,26720
443,Winifred,Goodman,63,Ekazi Parkway,Kefebpu,RI,49368
444,Estella,Vasquez,49,Zuur Place,Vizjuwse,SD,66372
445,Andrew,Anderson,46,Puek Glen,Cebefzo,PA,93352
446,Kevin,Craig,38,Didoji Park,Wavsecpaj,NJ,27447
447,Alexander,Garrett,35,Leaj Drive,Rapegreh,TN,80751
448,Nathaniel,Armstrong,28,Gunziz Highway,Cihabfih,PA,03727
449,Shawn,Castillo,30,Udfi River,Ufnarle,WI,07507
450,Martin,Fleming,25,Papnol Trail,Igsuve,MS,07681
451,Lulu,Gray,58,Mefaj Court,Uvairuso,IA,81624
452,Henrietta,Stone,18,Egtu Plaza,Luwzocbem,MA,10214
453,Joseph,Holt,28,Avhi Heights,Ihwuvnev,AZ,17270
454,Phillip,Vega,64,Kazmal Heights,Tuggoeho,RI,64227
455,Mable,Barber,65,Opzef River,Mewfarred,PA,55845
456,Emma,Edwards,62,Ulazoz Avenue,Fittise,MO,36939
457,Marvin,Manning,41,Nuuv Way,Zohuvzek,SC,39701
458,Mamie,Sullivan,39,Heeti Turnpike,Rictuzob,OR,53149
459,Jayden,Powers,58,Sioc Highway,Dawminjah,RI,08402
460,Leo,Bryan,61,Fumud Point,Wusanko,ID,32179
461,Willie,Moss,55,Assu Path,Garduam,WY,66629
462,Chad,Fox,23,Huhle Drive,Damfajir,WI,41499
463,Roy,Fisher,25,Ugodu Pass,Dunobo,GA,10993
464,Olga,Parks,24,Nutker Loop,Taburez,FL,62142
465,Louisa,Newman,40,Cakhat Street,Avajude,ND,24278
466,Mae,Harrington,57,Ozifof Lane,Kejrokhuc,NJ,37035
467,Martin,Patrick,60,Wimfes Heights,Urgukam,ME,17628
468,Irene,Rodgers,56,Nucen Terrace,Hapkakga,AZ,94115
469,Frances,Ross,55,Puwi Point,Zodhuugi,TX,33876
470,Lelia,Pittman,64,Genhi Grove,Guwfofi,ID,52908
471,Dylan,Rhodes,60,Radsa Lane,Tawaspug,GA,34134
472,Ethan,Sparks,29,Zufu Parkway,Ceivtu,MS,33713
473,Willie,Leonard,27,Kittu Boulevard,Karazaj,ID,91007
474,Alice,Clayton,63,Dodet Parkway,Butnefa,SC,50995
475,Madge,Jackson,19,Jurzec Park,Tohihif,NC,20362
476,Hulda,Griffith,32,Torho Park,Ojwuuji,OH,28617
477,Bobby,Rose,50,Fumpi Way,Ojlubvaw,WV,20764
478,Troy,Tate,63,Kicbav Grove,Araidazo,MT,83859
479,Jordan,Fitzgerald,26,Nelpar Drive,Lemasem,OK,61371
480,Alejandro,Rios,50,Peluz Point,Fetatis,IN,75226
481,Etta,Yates,27,Pate Place,Wopgokbij,MD,79272
482,Stephen,Turner,51,Hojgo Center,Viodadi,MI,51247
483,Belle,Jimenez,33,Zafil Center,Tolzanzo,CT,48897
484,Jeremy,Clayton,58,Juvus Loop,Zuguzto,WV,93456
485,Ralph,Barton,26,Zoza Mill,Nepigli,MI,59846
486,Ethan,Haynes,22,Muvo Center,Miselehop,UT,77052
487,Teresa,Johnson,58,Ufwe Pike,Izpabo,KY,93569
488,Cora,Collier,23,Tisib Manor,Zorhajahe,IA,67048
489,Aaron,Mason,48,Lerjal Manor,Rukepzip,FL,09108
490,Sally,Moreno,30,Muljo Boulevard,Guzolhe,NV,44698
491,Maurice,Moody,52,Sigi Loop,Ucainagi,MI,63942
492,Carlos,Harvey,32,Uwala Point,Gudtukbap,DC,26757
493,Mamie,Williamson,49,Ivoam River,Beikicak,LA,65037
494,Steve,Norton,24,Rivpe Boulevard,Hujelhuw,AR,47341
495,Jerome,Little,24,Igooh Parkway,Giwdujog,NM,65154
496,Loretta,McGuire,58,Pasma Pike,Sotsolnu,NJ,32195
497,Charlotte,Clark,36,Zupfe Mill,Sulluton,MS,53621
498,Lina,Gibbs,25,Fijo Highway,Levzazaz,CO,10522
499,Isaiah,Stephens,18,Leki Road,Kuzmisot,AK,26981
500,Victor,Bishop,58,Kazwuv Square,Weproni,IN,28860
501,Gavin,Miller,19,Cace Extension,Gowbasho,SD,57530
502,Miguel,Gibson,53,Cadus Manor,Gopgeal,MA,05731
503,Alma,Turner,45,Imocec Turnpike,Balutfu,AR,29064
504,Sophia,Larson,31,Idcez Ridge,Besihce,TN,89412
505,Brandon,Franklin,31,Saka Manor,Sadare,AR,73475
506,Martin,Ross,48,Rahot Point,Kuzhuicu,TN,08008
507,Antonio,Taylor,26,Akji Street,Gumefwed,NC,00683
508,Maud,McDonald,18,Hofzi Turnpike,Jenjoldaz,CO,80064
509,Zachary,Sanders,54,Fuob Center,Hofsuva,OK,59428
510,Hilda,Gordon,63,Adobel Parkway,Juecaaki,VA,66717
511,Lucinda,Garner,53,Udapi Key,Dookdof,NV,44481
512,Gabriel,Ferguson,60,Itmup Path,Esumufvu,NY,81149
513,Dustin,Benson,43,Wazoj Street,Morovrug,NV,07967
514,Garrett,Frazier,34,Zigep View,Apejhor,NV,63686
515,Ruby,Parker,26,Ciob Path,Wiponuve,IA,95762
516,Andrew,Powell,46,Zoncu View,Nezelnop,LA,80458
517,Augusta,Caldwell,26,Fedij View,Dowuwu,CT,75831
518,Ora,Watts,54,Tupmi Road,Hehefudiz,NM,19141
519,Christian,Robertson,45,Adiac Key,Vacinivu,NJ,46828
520,Mathilda,Bates,64,Giko Terrace,Konbaro,TX,64838
521,Olive,Barnett,31,Bemzu Lane,Sesicefi,OR,70914
522,John,Greene,42,Hawhes Square,Hordujvat,DC,22876
523,Olivia,Clarke,25,Jizec Parkway,Omepeaf,AZ,03225
524,Ina,Johnson,48,Kuesi Glen,Wechuvi,NJ,51155
525,Gordon,Norris,62,Inso Path,Gohbucsel,OK,18106
526,Christopher,Lindsey,55,Jewan Court,Kehozaj,WV,63762
527,Mathilda,Bass,41,Peog Road,Izgimuli,CT,29237
528,Alma,Warren,64,Umifav Turnpike,Fowowuf,TN,24138
529,Mike,Cannon,19,Vifvan Grove,Uhbetkib,RI,01696
530,Willie,Underwood,54,Gilub Lane,Zimmogdap,OH,15608
531,Christina,Miller,21,Kunil Avenue,Netunla,ME,50814
532,Hunter,Owens,24,Vopdal Grove,Zidlaze,IL,30226
533,Alex,Weber,35,Voju View,Zimeri,AL,89697
534,Maggie,Lindsey,21,Esulos Junction,Dazugad,KS,68851
535,Ralph,Weber,46,Nasob Pike,Wuzagcaj,SC,71232
536,Clayton,Peters,22,Pelpi Lane,Tibafake,VT,09769
537,Helen,Griffin,28,Peju Manor,Foidjus,PA,41253
538,Gene,Potter,28,Fofpav Lane,Tejomapa,OR,53126
539,Lucile,Henry,63,Jawob Mill,Zouduco,IL,94841
540,Lee,Pratt,52,Cozoni River,Cagupesu,CA,75743
541,Jean,Wilson,39,Rizob Plaza,Mavwera,HI,85674
542,Rachel,Williamson,56,Zirzoh Park,Etevofis,IL,83981
543,Anne,Meyer,36,Tawi Turnpike,Huozogo,MT,81898
544,Rebecca,Erickson,42,Ninnab Path,Ilrohu,NC,26081
545,Lilly,Terry,31,Afued Extension,Asicobur,NV,50199
546,Benjamin,Santos,45,Kaziw View,Rijrotdo,NY,52631
547,Glen,Ball,24,Azagov Path,Efemoiw,AL,62938
548,Nelle,Garcia,49,Vatef Mill,Hakivru,MI,89859
549,Louis,Marshall,18,Rosot Grove,Zosuvec,DE,87977
550,Christopher,Kim,57,Divak Parkway,Ocgejboz,MO,79083
551,Donald,Freeman,46,Bomjeb Pass,Icpiji,NM,09124
552,Wayne,Fisher,45,Dale View,Cihjoohu,VT,61968
553,Christine,Tate,53,Ucri Avenue,Holapku,AZ,53241
554,Ricardo,Harper,20,Iwiru Avenue,Semjekag,NM,48254
555,Mike,Luna,31,Noem Road,Wonnuew,IN,50272
556,Clayton,Doyle,23,Saura Loop,Seosoz,ME,68969
557,Eddie,Hale,46,Linaz Street,Zizdurno,RI,45363
558,Jesse,Hogan,24,Ebato Ridge,Vupnipzi,KY,69803
559,Ricardo,Morgan,31,Dowe Manor,Wegbelroj,OH,04521
560,Phillip,Pope,24,Nomu Turnpike,Nighisop,AR,67506
561,Maude,Manning,19,Ovbi Parkway,Garrutdi,NH,22902
562,Angel,Clayton,57,Ipder Grove,Lujhiefo,MO,22741
563,Augusta,Sandoval,63,Ista Ridge,Zumdadak,AR,86119
564,Addie,Ross,57,Danluc Place,Tukamum,WA,28933
565,Roger,Holt,46,Zadrih Path,Acutozfe,NV,11760
566,Floyd,Romero,62,Otko Junction,Sofuztim,WA,23709
567,Troy,Norris,28,Anle View,Karpakkus,KY,91153
568,Lucille,Fields,29,Obfij Ridge,Haopesup,OK,33603
569,Hilda,Wade,52,Comcof View,Edpemvu,LA,90479
570,Matilda,Steele,38,Lazuci Drive,Kesehle,GA,29395
571,Lelia,Meyer,36,Fedez Pass,Miprafre,VA,23490
572,Kevin,Stevens,24,Vivuj Trail,Bowmivite,AZ,66359
573,Georgia,Palmer,25,Cuzpid Terrace,Bapleba,MS,99218
574,Rhoda,Hernandez,59,Dovtid Square,Kiromeb,NY,06821
575,Eva,Morgan,37,Ucizil Parkway,Hicminpu,SC,90103
576,Lucille,Hampton,49,Vawa Boulevard,Jejedret,NV,73697
577,Jimmy,Berry,27,Utoz View,Kihato,OH,38892
578,Annie,Neal,40,Bohmo Heights,Danzupe,KY,73108
579,Jack,James,37,Iwhob Highway,Namevo,DC,15905
580,Ora,Hernandez,44,Remnar Trail,Izefahev,UT,57601
581,Mattie,Maxwell,63,Erouk Highway,Juuprif,NV,54569
582,Florence,Collins,45,Uhupa Place,Cewpusjid,CT,63552
583,Harriet,Garrett,43,Segli Center,Lodoel,KY,48795
584,Harriett,George,20,Cekul Pike,Wiogiur,VA,01159
585,Wayne,Myers,30,Risvov Loop,Faguiv,TN,62967
586,Eddie,Goodwin,18,Docu Extension,Bilzeggol,OK,91579
587,Ellen,Lucas,47,Urci Point,Ringiju,OH,69700
588,Henry,Bush,44,Zuvlep Point,Ubbahla,HI,25757
589,Alberta,Wade,22,Rikec River,Jeglojel,WI,11164
590,Herbert,Paul,49,Pofo Parkway,Piutozow,NY,52150
591,Theodore,Carroll,45,Wabno Grove,Kuwpujec,IL,01852
592,Catherine,Montgomery,24,Alhah Center,Fudbawada,AR,58775
593,Aiden,Bryant,29,Hufzub Road,Kefopa,NM,67773
594,Patrick,Arnold,44,Oced Way,Haerriz,NC,07521
595,Mamie,Schwartz,29,Zine Square,Inpaza,CO,71611
596,Gordon,Delgado,55,Vipco Boulevard,Liweked,NM,23019
597,Hunter,Clark,58,Sene Place,Rivlouc,AZ,54263
598,Alex,Stokes,39,Zaija River,Wahima,NC,52947
599,Myrtle,King,40,Zajut Trail,Tiheod,LA,26657
600,Ray,Clark,56,Mujtu Turnpike,Uzudezrum,RI,39420
